time,text
00:00,e aí
00:03,o som
00:20,g1
00:23,é porque nós vamos apresentar isso a
00:26,empresa aqui gente não foi apresentado
00:28,começar uma série de ações fazer o texto
00:31,planos retomada então eu vou escrever o
00:35,presidente da reunião consumido por que
00:37,o plano não vai e refeito se todos os
00:41,senhores
00:43,o som
00:46,e na hora que nós precisávamos das
00:49,pessoas para a coordenação do clã
00:54,e aí
00:57,a capacidade
00:59,oi e aí o plano povo fica bem bacana é
01:09,uma apresentação de 10 minutos no máximo
01:12,da somente isso eu pediria da meus
01:15,senhores que era não é errado na verdade
01:16,não é reunião deles
01:19,e aí
01:22,ah então tava conversando com ele aí ele
01:29,tá se produzindo o nome do clã eu roubei
01:32,no plano do siso né não né pedir
01:36,o brasileiro e eu comecei a observar que
01:43,tinha plano tá ministério do
01:46,desenvolvimento regional de economia tem
01:48,plana que a saúde tem planos e não
01:51,estava vendo na coordenação uma semente
01:54,então esse é o motivo desta reunião azul
01:58,eu vou furar seguir em breve objetivo é
02:01,uma passadinha aí
02:04,e acabou acabou vai te levar o casaco
02:09,para os seus podem observar o seguinte o
02:18,presidente um problema
02:21,é a questão de uma lógica
02:24,é um problema nós temos esse problema
02:28,tem que ver quais são as consequências
02:30,negativas desse pro
02:32,e solicitar
02:35,ver todos
02:37,em meio a solução do problema o foco
02:41,hoje uma maneira geral é quem é o
02:44,culpado tá e nós queremos recolocar
02:49,é isso aí para comover o que é que
02:55,reagir a esse
02:57,e para os dois as duas consequências
03:01,negativas que ocorre próximo
03:05,esse é um programa o programa se chama
03:08,pro brasil tá voz do crédito ou o azar
03:14,otacílio ele ter conversado com
03:16,e eu gostei ou dele já para o brasil é
03:21,um programa para integrar aprimorar
03:23,ações estratégicas os senhores vão ver
03:25,que o focus ele não é de governo e é de
03:28,estar eu tô tentando fazer uma projeção
03:30,dos 10 anos tá é eu tô tentando não nós
03:35,vamos ter que fazer
03:36,e para retomada do crescimento
03:39,socioeconômica em resposta aos impactos
03:42,relacionados ao coronavírus tá
03:46,e aí
03:48,o programa são essas aí ele não tem erro
03:53,morreu de governo
03:55,o strass ir buscar melhoria da
03:58,produtividade investimentos
04:00,estruturantes e ações de protesto o
04:03,setor 1
04:05,em duas etapas uma duas partes
04:13,e o pau-brasil é
04:18,a ordem eo pro brasil progresso já sabe
04:22,o pro brasil ordem se você não imprimiu
04:28,para mim que eu agradeço não vou falar
04:31,com ela se ela fosse ele pega o
04:33,arcabouço normativo ele trata essas são
04:36,as medidas estruturantes dele vai ter
04:39,que ter um acabou formativo
04:40,investimentos privados segurança
04:42,jurídica produtividade é juridico e
04:45,produtividade melhoria no ambiente
04:47,negócio de mitigação dos impactos
04:50,socioeconômicos na parte que
04:52,investimento ele foca em obras
04:55,e ele disse esse problema também tem um
05:01,foco na redução das desigualdades
05:03,regionais tá tem um foco na redução das
05:08,desigualdades que ele já vai fosse
05:10,digitar entendeu
05:12,o que é falsa e
05:20,e qual é a presença do programa por pode
05:26,observar que ele tem uma parte de
05:30,e aí
05:37,e essa estrutura particularmente nessas
05:43,obras estão paralisadas
05:45,já estão paralisado ele pega
05:49,infraestrutura de transporte e logística
05:52,desenvolvimento regional e cidades pega
05:55,energia mineração que é comunicação no
05:58,desenvolvimento produtivo ele foca na
06:00,indústria agro negócios serviços e
06:02,turismo
06:04,em napa
06:06,o senhor tem a parte de cidadania
06:09,capacitação saúde defesa inteligência e
06:13,segurança tem também cadê a digitais
06:15,você criativo e ciência e nas
06:18,realizadores que são transversais daqui
06:21,toda a parte do programa nós temos
06:23,finanças e tributação e legislação e
06:25,controle e meio ambiente e a parte
06:28,institucional e internacional
06:32,e qual é a nossa nosso ro
06:36,o vosso pai e franco dispensam aí a
06:40,estruturação do programa eu
06:43,hoje nós vamos fazer uma reunião com som
06:46,a primeira reunião do grupo de trabalho
06:48,tá com todos os ministérios envolvidos
06:53,na sexta-feira agora tá foi vão receber
06:57,o horário
06:58,em breve nós teremos maio a julho a
07:01,estruturação do programa de agosto a
07:04,setembro o que é pagamento do projeto
07:07,e a partir de outubro implantação e
07:10,larga
07:11,o foco prioritário naquelas ações que
07:14,tem uma resposta mais imediata porque o
07:17,brasileiro sinto na hora que nós vamos
07:20,e aí
07:22,e então eu tenho que ter alguma resposta
07:25,do público e a efetividade no processo
07:29,de monitoramento na realidade não tá no
07:32,final ele tá durante todo o processo tá
07:36,possa mais um sintam à nossa volta aí é
07:42,o horizonte do programa se o senhor
07:44,outras trabalho nós estamos pensando no
07:48,horizonte né até 2.000 de 2020 da
07:52,verdade até 2030 tá mas uma primeira
07:56,fase
07:58,é mais um planejamento que possível
08:03,e esse é o foco do que o trabalho do
08:05,grupo vão
08:07,e pode passar o
08:13,e aí
08:19,o senhor então é na sexta-feira aí eu
08:24,processaria os senhores como enviar será
08:27,a representante e
08:30,oi aqui é uma noção de programas ou do
08:34,que
08:35,o ministério de vocês uma primeira ideia
08:39,que nós somos parte disso para elaborar
08:42,isso aí o trabalho não será feito aqui
08:46,e aí
08:48,tu tá falando com alguém agora mais acho
08:55,eles mais importante essa lição 1
09:00,e aí
09:04,o preparo
09:08,o quanto custa a última machucou brasil
09:11,um homem espetacular 10 vídeos vamos
09:15,macho em osasco revela texto normativo
09:19,por exemplo pode fazer tomate
09:23,e aí
09:25,e aí
09:28,e aí
09:30,é a primeira equação do que pode
09:33,e fala para o whatsapp fazer a
09:37,compreensão das coisas assim uma coisa
09:40,assim super agora não vamos a retomada
09:48,do crescimento privado nós já estávamos
09:59,voltar uma agenda 30 anos atrás 1
10:07,e aí
10:12,e mesmo que tudo que todo mundo bem aqui
10:25,quebrou quebrou em todos os vídeos
10:30,prefeitura tem que fazer nós finalizamos
10:37,encontrada na rede vida paixão do brasil
10:52,e
10:53,e isso é uma 30 a gente vai acabar igual
11:00,a junto consegue está indo quando eu
11:02,acho que expulso da madrugada e jeito
11:06,girar as coisas
11:08,e aí
11:09,e aí
11:12,o nosso dentro quando você atualizar dar
11:18,esse recado à vontade posição no ajudar
11:21,tudo mas não podemos dividir os
11:23,carrinhos desenvolvimentista foi seguir
11:26,o brasil quebrou todo o brasil sai de
11:30,novo aí quando você corrompe a polícia
11:32,corrompida
11:34,é através do excesso de gasto então
11:38,achar agora que você pode se levantar
11:40,pelo super só começa usando quebrado vai
11:42,resistir vai fazer grandes investimentos
11:45,fazer os avisos começamos dentro assim
11:48,sabe quanto é que você consegue assim
11:50,passar de 5 dias para quanto aqueles
11:52,bagulho tá bem não sei quanto é que você
11:55,consegue de investimento que você faz
11:57,250 é sério então 100 bilhões vim passar
12:02,dentro tinha 100 bilhões que viriam a
12:06,ser os maiores petroleiras do mundo
12:10,viviam a nossa sessão negócio sem
12:12,exceção negócio sempre mineração 100
12:16,melhores também aberto 230
12:18,e aí
12:21,a desigualdade onde caçar base vamos
12:31,eleger o presidente apresenta daqui a
12:33,três anos não era de um ano tem muita
12:35,gente pensa neles
12:37,e aí
12:40,é a ideia aqui ele falou e crescimento
12:45,tudo
12:46,e tu
12:49,nós falamos inclusive mexendo com o que
12:52,tem que aconteceu assim já tô vendo
12:54,planos gente não é
12:58,o quê que pode aqui ó tá saindo que saiu
13:07,na imprensa macho tá fora quer dizer
13:10,alguém alguém foi mais economia é
13:17,e o nosso nosso discurso numa
13:23,e aí
13:25,a empresa eu acho que vai subir hoje eu
13:33,vou falar com você e você não retornou
13:35,você aqui dentro
13:39,g1
13:43,oi oi
13:49,e aí
13:54,e aí
13:56,e aí
13:59,e aí
14:07,tá bom eu vou ser muito rápido aqui já
14:10,primeiro pagamento é fundamental isso
14:16,coordenação e descer tipo piano de isso
14:20,cada vez mais aprofundadas e melhor
14:22,qualidade segundo quero não precisa mas
14:28,eu quero me somar essa visão do mês
14:32,paulo guedes o que vamos lá nós
14:35,recebemos mover com 36 mil obras paradas
14:40,e por lutas aonde no quarto
14:45,ah tá
14:47,e o abraão tem não sei quantas mil
14:52,creches 3.010 paradas são essas receitas
14:57,então o que que nós por sermos no brasil
15:00,e como é que nós começamos o ano eu vou
15:03,lembrar presentes nos dividir isso é
15:05,muito triste ver um brasileiro chegar no
15:08,exterior
15:11,é nós parça foguetes quanto tarciso
15:17,teresa vento o nosso beleza por mais
15:23,forte o dando pelo mundo fazendo o quê
15:26,que dentro brasil terminando sua quatro
15:30,certo número 400 82 milhões de
15:34,investimento para os próximos
15:37,é uma boa parte mineração petróleo lá
15:42,em vez de fora é
15:46,os 10 milhões de dólares do governo da
15:49,arábia saudita que precisa defender ele
15:51,vai voltar mas o príncipe autorizou
15:55,e aí
16:00,e eu tenho convicção de que nós temos
16:05,que continuar
16:06,se você já tô folgando a participação da
16:12,nós não temos uma coisa que foi que que
16:15,há ltda
16:16,e aí
16:18,o brasil em cidade da g
16:23,e aí
16:26,é muito
16:30,me ligar
16:32,g1
16:34,a usar
16:37,e aí
16:44,e aí
16:46,e aí
16:48,e aí
16:54,e veja
16:56,e aí
16:59,e eu acho que todo o nosso esforço nos
17:03,próximos dias tem que ser como é que nós
17:05,podemos almoçar ali
17:10,o choro
17:14,e como slide que mostrava a 163 os
17:21,caminhões atolados e a 1
17:24,o presidente que importa dava aquele
17:27,momento instalado aguardando montando a
17:30,bruxa tchau senhora nossa o quê
17:34,a estrada
17:38,eu já sabia mas
17:46,oi oi
17:50,a tela de espera como já cometidos de
17:54,aula muito grato que é uma doença
17:58,quem seria
18:02,e aí
18:08,e aí
18:14,g1
18:19,e aí
18:26,e aí
18:29,e aí
18:32,a administração
18:38,oi lu
18:42,um favor seu
18:47,g1
18:49,e não tem parar nesta semana
18:53,e essa marca aí para mim
18:58,e aí
19:01,a comissão e quase três por cento do pib
19:04,mundial em casa do brasil
19:09,os remédios ao cenário de forma
19:14,circunstancial
19:16,e aí
19:18,a necessidade de implantar uma política
19:21,permanente luzia
19:24,e aí
19:26,e aí
19:30,é claro do estado
19:33,e aí
19:36,o dogma de fé
19:42,e claro porque o governo tentou buscar
19:47,tá
19:48,e a capa
19:50,me ligar
19:55,o programa de reconstrução levando em
19:58,consideração
20:00,e aí
20:02,é um papel do formador de nesse momento
20:07,de criar com a queda bruta né
20:12,e aí
20:14,um dos 10 redor
20:16,e aí
20:19,ah tá
20:23,e aí
20:26,e aí
20:28,e para resolver os seus problemas de
20:30,infraestrutura de retomada das suas
20:33,famílias
20:34,a capacidade havan
20:42,e aí
20:45,g1
20:48,e eu tenho um vídeo falar não sei se é
20:54,e aí
20:58,e aí
21:02,o equipamento verde 10 momento vai
21:10,carnaval
21:11,e contratos
21:14,me prejudicar
21:17,e aí
21:20,há muitos anos começando a discussão com
21:26,verdades absolutas e com normas
21:28,estabelecidas ao longo de 100 anos
21:32,e aí
21:34,há um ano
21:38,e aí
21:43,é é
21:45,e aqui quando houve a unificação da
21:49,alemanha acho que esse contato histórico
21:53,retratado
21:55,eu estava não entendo
21:58,e aí
22:02,e aí
22:05,e aí
22:07,i do
22:10,ah tá
22:13,e vai jacundá pa
22:16,e aí
22:19,ver todos
22:21,e aí
22:26,a resposta claro que forma
22:31,e aí
22:38,o cuidado de segurança à população
22:43,hum graus para concluirmos
22:50,e aí
22:56,e aí
23:00,além da vantagem de emprego momentos que
23:04,a retomada todos os econômica que rapaz
23:06,vai ser muito
23:10,eu estou falando
23:14,e aí
23:16,o toughness em
23:22,[Música]
23:25,ah entendeu
23:29,e aí
23:33,e aí
23:36,e aí
23:38,e aí
23:40,eu tava assistindo aqui já na parte
23:46,final do guardião as questões
23:50,transversais ao meio ambiente mas acho
23:53,que eu vou dizer aplicar diversas
23:58,me mostre uma
24:01,o resultado quase que exclusivamente do
24:06,oi oi
24:07,e aí
24:10,a nossa de trás
24:13,e aí ó
24:17,a comunidade que nós temos que empresa
24:19,não tá tá ligando o som de ar livre nos
24:22,outros termos é passar as reformas quem
24:24,for legais de desregulamentação
24:28,simplificação todas as reformas que o
24:31,mundo inteiro nessas vi a
24:33,são paulo
24:37,em nome da segurança jurídica a
24:42,presidade a simplificação essa grande
24:45,parte dessa matéria ela cidade portarias
24:49,e normas
24:50,o ambiente e que são muito difícil nesse
24:54,aspecto acho que venham mais difícil de
24:56,passar qualquer potência para legal e
24:59,temos uma responder a expulsão do
25:01,partido importaria que tudo que a gente
25:03,faz é paulo diogo certo o dia seguinte
25:06,e não vai precisar de um esforço nosso
25:10,aqui quando buscamos nesse momento
25:12,tranquilidade no aspecto de cobertura de
25:14,risco só fala de convívio e passando ou
25:17,molhado e mudando todo o regulamento e
25:20,simplificando nossas genoplan de interno
25:24,do controle de ministério do ambiente de
25:26,nutella disso mistério daquilo agora é
25:29,hora de unir esforços para dar de
25:32,baseada a simplificação regulamento
25:34,grande regulatório que nós precisa para
25:37,todos os aspectos e deixar já o andré na
25:39,bahia e de já g1 descansar para carnaval
25:44,que tiver que vai ver essa semana mesmo
25:46,o máximo de uma medida a pedido do
25:49,ministério da agricultura que foi a
25:51,simplificação da lei da mata atlântica
25:53,usar o código florestal hoje já estão
25:55,jornais dizendo que vão entrar e medir
25:57,com ações judiciais a ser seguido pelo
25:59,brasil inteiro contra medir o país
26:01,possui ficar com artilharia da g1
26:03,preparada para cada liga presentear
26:06,há uma lista enorme de todos os
26:09,ministérios que tem papel regulador
26:12,a conversa que coisa que precisa que com
26:15,pressa também nesse nesse uso ele tá
26:18,e aí
26:19,e tem um monte de coisa que é só
26:23,o parecer sem parecer que dá atualizado
26:28,você pode ser que ano é
26:30,é isso aí vale muito a gente tem um
26:36,espaço enorme para fazer um acho que
26:40,essa é uma questão importante ficavam
26:42,nos lados que seja juriti
26:45,é mesmo é
26:51,g1
27:02,e aí
27:08,e aí
27:11,oi oi
27:13,e aí
27:20,e aí
27:26,me ligou agora de manhã
27:30,a mãe vai devolver a fusion ele quer
27:36,fazer uma conferência vai 300 empregado
27:40,rio uma baixo potencial são paulo a
27:44,hipotecar solidariedade
27:46,e aí
27:49,a graça de até legal
27:54,é muito
27:57,e aí
27:59,e eu acho abateu a 10 milhões de
28:02,carteira assinada usar e os governos
28:05,estaduais não tem como pagar salários
28:07,que não tem maio e metade da que não tem
28:09,que fazer para pagar forma mais mas
28:11,graças a deus porque porrada
28:13,a tropa para cima da gente fica só aqui
28:17,do lado vai querer pular
28:19,oi e a gente vai porque aqui passa
28:23,e a preocupação o que é
28:27,em rua avenida vida enchendo o saco de
28:30,emprego para abrir o processo vídeo
28:32,porque não apresentei deu no exame de
28:34,divisas
28:36,o ator
28:39,é apenas cuidados eu me segue essa
28:43,sequência vou fazer uma política também
28:45,é
28:47,e essa preocupação ea luta pelo poder
28:51,continua a todo vapor ver sem neurose da
28:56,minha base tá certo apareceu porcaria aí
29:01,tá levantando aquela parte do povo
29:07,querendo ver calça miséria social e
29:13,outras coisas mais não essa preocupação
29:16,todos deve ter não é tá bom pode ser
29:25,assim
29:25,e hoje eu vi o bairro volta aquele
29:27,atendendo o bairro alto foi tratado
29:31,eu resolvi
29:34,e aí
29:35,e aí
29:37,e ele nunca me deu uma alfinetada e
29:41,sempre tá defendendo os problemas que
29:44,ele tem então é o mesmo ip
29:48,e não pode conservar impossível e
29:54,crispação do supremo baseado em
29:57,filigrana eu vou e qualquer lugar do
30:01,território nacional no final o dia que
30:04,for proibido de dar qualquer lugar do
30:06,brasil pelo sofreu um acabou para dar e
30:09,espero que eles
30:11,e o ele né bolo
30:15,eu queria tomar certas medidas que dá
30:18,bom dia
30:20,e aí
30:22,bom dia
30:24,é porque se você achar um dia ligação
30:28,via com empreiteiro diva contrações
30:30,portas em pro
30:32,e agora frescura o papa batismo não
30:38,a forte aposta eu sou chef super
30:42,transformado pessoal tava lá fora de
30:46,e aí
30:49,e aí
30:50,é mas letra a
30:58,e aí
31:00,oi oi
31:03,a onda
31:05,o que é
31:09,e aí
31:12,oi amor você é tudo e tudo mais não tem
31:16,problema nenhum todo o partido como o
31:19,riso
31:20,o dourado lá filha
31:26,a felicidade pode pedir as coisas
31:42,amargas aqui que é a gastar mais george
31:44,do brasil aquela
31:46,a todos tende sempre ocupado com a
31:50,pessoa por isso que aquele direito
31:53,e aí
31:56,eu também tô cuidando da
32:01,bom então é isso que eu falo com você
32:08,depois
32:09,e quando chegar
32:12,e aí
32:14,ah não pelo amor por essa essa coisa não
32:22,vou provocar ninguém e aceitou
32:26,e dizendo que vai confirmação a
32:31,libertado 10 daqui do aquele que segue
32:34,tá vendo aceita 4
32:37,e vai deixar alguma falou para ele que
32:40,ele sabe quem são e cair daquela virtude
32:43,o presidente é responsável ele é maluco
32:47,ele genocida
32:49,e não vamo que vale do lado vai
32:53,enrolando aqui no vale do lado tá todo s
32:56,e aqui o nobre
32:59,e a falar com propriedade e tem jeito
33:04,quando a gente que fala muito melhor do
33:06,que eu e tenha conhecimento muito mei
33:09,e aí
33:11,e para não deixar que a sua porrada
33:15,eu vou continuar ele correndo pra fazer
33:18,por você tava acordada tá certo se eu
33:21,tivesse dividir vive para pertinho lá no
33:23,fim do mundo o jaguar pó
33:27,e aperta não acredite vo precisam não
33:36,faz presente no café tu tem que falar
33:38,mais
33:39,a todos todos os teclados pode ligar
33:45,deixa no vácuo
33:47,e aí
33:50,e atrás pode problema só esse é o cartão
33:58,no mundo agora vamos ter um dia
33:59,perguntando para manter a junta não
34:02,pronto
34:04,eu admiro ela fosse deus eu até já
34:10,declaro 18 anos para cá quando que dia
34:14,vai passar para a população o remédio
34:16,qualquer um falava médio bota o nome de
34:18,fantasia podia se for meu nome para lá
34:21,ué você falou que ela baixado deve três
34:24,quatro vamos lá no plano as vezes que a
34:26,tua filha da puta e assim a mesma coisa
34:28,com vida então de acordo com o interesse
34:31,por cada negativo ou da possível que foi
34:33,que deu lá para contrapor
34:35,e aí
34:38,se tu não tivesse realmente exame
34:43,negativo já vai permitir que você
34:45,ouvisse
34:46,e aí
34:48,não se preocupe com
34:51,e começa a fundar partir agora estou
34:57,tirando agora vou continuar de dorme
35:00,todos
35:01,se você não quer entender isso
35:05,o teu poder foi dividir todos os que lhe
35:09,deram então
35:12,e eu não posso é surpreendido como dias
35:21,voltei a pena que não tem nem vou mais
35:25,mexer nas coisas dele informações tá
35:28,vendo ele tem problema tem algumas
35:31,informações em
35:39,e o que é que nunca ficou atrás do da tá
35:43,pronto viu
35:45,ah tá bom então minha vida
35:50,a cola de toda adianta mais falar com
35:54,ele informação assim eu tava vendo
35:58,estudando aí você agora aqui como é que
35:59,o serviço direito que é trabalho estava
36:02,mesmo
36:03,e aí
36:07,o que tá acontecendo
36:20,e aí
36:23,e aí
36:36,a siri é melhor que você não precisar aí
36:43,eu compro passou a gente não precisa e é
36:46,um negócio que devemos olhar com quem
36:49,tem alguma habilidade no rosto pois
36:52,poderá fazer fazer valer a nossa vontade
36:54,aquele momento fazer assim responder
36:56,aqui depois tem um problema de ligar
36:58,para o diogo diogo
37:00,e aí
37:02,e não me chamou de feia na lista com
37:05,secretário vai pegar separava no passado
37:07,não era assim ó
37:10,e aí
37:11,eu não estava mt tubo o serviço inovador
37:16,rosa todo uma vergonha vai vergonha que
37:21,eu não tô informática
37:23,tu não tá trabalhando assim fica depois
37:27,foto felipe que fosse louco
37:31,e não é ameaça não amor essa população
37:34,da minha porta é uma vez
37:37,o poder-dever mudou agora tem que tomar
37:43,eu quero é realmente bom
37:47,e aí
37:50,quem sabe cavalo cavalo por ela aqui vai
37:55,aparecer eu vou usar vai vai tomar não é
37:57,folgada não é assim gente precisa
37:59,e aí
38:00,a ferramenta de mim né
38:04,e aí
38:10,o taxímetro é
38:15,e aí
38:21,ah e assim nós encontramos curtindo
38:28,agora iphan tá lá na cultura eu fiz a
38:31,cagada e escolher e não nos escolheu uma
38:35,pessoa que tivesse também outro perfil
38:37,de 18 tá lá tá mais tem que outro perfil
38:40,da ver e vou para qualquer lugar do
38:42,brasil com o celular e conta logo vai
38:46,ficar jeito para obra para fazer alguém
38:51,um
38:52,e nós temos que proceder e assim cada
38:57,hora que eu falei com a cristina que
38:59,mudou para são mateus como é seu nome
39:00,assim baixo todo bastante meu pessoa
39:03,console oliveira
39:04,e as correções porque o
39:15,o vídeo da pouco tempo que podia faltar
39:18,o gema e quase ninguém porque tá
39:20,faltando algema a gente tá trabalhando
39:22,como é que tá pronto e ajuda não fala
39:25,nada tem que falar por voz
39:28,e tirar o desconto tem que falar por
39:32,favor tô achando não pode botar gemma
39:35,pensando arte do prego
39:37,e quando estão dizendo nosso querido
39:42,está crescendo é só fica faltando para
39:44,mim voltei vó
39:46,eu vou ter você para você tomar decisões
39:49,só você brigando e é verdade
39:52,e eu quero mais que alguém que seja seja
39:58,o filme a candidato tá não te agrada
40:00,quase no brasil mas nada que se for na
40:03,esquerda e é uma porrada de você que tem
40:05,certa brasil e vou ser preso e eu desejo
40:08,ele foi encontrada por uma família com a
40:09,tua família sem vento
40:14,e aí
40:16,e aí
40:21,e aí
40:27,o que nós temos o povo nosso lado nós
40:32,queremos
40:33,e aí
40:38,e aí
40:40,e ninguém tá
40:45,ah tá
40:49,i am
40:51,os dois pneus militares aí não aceitar
40:57,meu corresponde aqui ou eu convido eles
41:00,continuar ficando com a visão
41:02,e tu vai pagar a lição escrota para quem
41:15,quer você tem um bar
41:17,é muito bom partir passarinho ela
41:24,estamos esperando estamos bem não somos
41:27,acusado de dirigir condição nada é nada
41:30,tá vendo tem algum problema pela frente
41:33,porque eu conversando com base nisso e
41:35,formas estilo do brasil tá na manter-se
41:40,grupo privilegiado itália e ela seria
41:43,nada
41:45,a ouvir
41:50,há alguns dias depois sacanage que
41:56,aceita no meio diferente do que foi o
41:59,todas as penas ofender e é pedir uma
42:01,saia então a pena você tua proposta
42:04,futuro do brasil uma pessoa política
42:07,criticar o ato uma pessoa outra técnica
42:10,ao comércio nos dedicam supremo tribunal
42:14,e aí
42:15,o resultado liberdade aqui pessoal por
42:20,causa de dirigir os pontos estuprador
42:22,fora imagina procurando uma vida nova
42:25,e aí
42:26,e aí
42:38,e é uma realidade do nosso quarto tá
42:43,indo mas não sabemos ainda no momento
42:46,dado muito caro fios pronta nós marca da
42:50,interação mais perto a gente vai
42:52,conforto vamos ligar vamos se preocupar
42:57,quem tem que ver se manifesta com o de
43:00,deus bolas coloridas tá mas tomar uma
43:03,posição que não pode tanto para ganhar
43:08,agora tu tá e vocês loja pet quando
43:14,tiver motivo para o motivo para bater o
43:22,g1
43:28,e o
43:31,e aí
43:41,e aí
43:48,a pregação popular não está apresentado
43:52,fica aqui o registo do elogio certo e
43:56,com certeza a gente vai nos detalhes
43:58,existem as questões econômicas entre o
44:00,exame inicial economia você trabalhava
44:04,reprodutores nas nossas é só paga uma
44:07,sugestão aqui se pudesse colocar desde
44:11,logo nos momentos nesse plano alguma
44:14,referência importante também a segurança
44:18,pública e a controle da corrupção são
44:21,dois temas centrais nas últimas eleições
44:25,e são dois temas que embora claro que
44:30,quando vai para fazer para ele lá o
44:32,detalhamento necessário mas acho que é
44:35,importante tem uma referência inicial
44:36,para não parecer nossa costurando desses
44:40,aspectos específicos 1
44:43,bom dia
44:50,e eu quero educar de pagamento mas acho
44:55,que uma referência ao nascer e
44:56,interessante fica à vontade também que o
45:01,foi uma vitória do governo presente no
45:04,passado uma carta positiva desses
45:07,principais indicadores criminais e isso
45:09,demora seja mais vinculado com a pressão
45:12,a mesma segurança das pessoas também é
45:15,um fator importante é corrigido até
45:18,coloco aqui tá bem melhor ela me coloco
45:20,e o controle a condição também aquele
45:23,seu rosto tá falando é a exclusivamente
45:26,a sugestão isso é
45:31,bom dia
45:34,e aí
45:35,e aí
45:39,e aí
45:41,oi vó
45:51,e aí
45:53,e muito mais
45:55,e a gente já começar a discutir
45:59,a escrever as palavras digitais é
46:02,organismo que trabalhe conosco
46:07,a crítica é essa mesmo
46:13,e aí
46:19,se inscreva aqui as horas necessárias e
46:24,por último vídeos quando assumiu o banco
46:27,e júnior vamos estava montado com uma
46:29,fábrica de empréstimo em quantos anos tá
46:32,dizendo que uma fábrica de caixa e juro
46:35,até hoje a gente fez uma respiração
46:36,completa
46:38,e vai montando o que eu acredito hoje
46:40,seja uma as outras regiões do brasil e
46:43,seus dois e um pouco investimento
46:45,serviços de colocado entre planejamentos
46:48,econômicos tutoriais e estruturação de
46:51,projetos contra a atual dessa forma
46:54,temos com vasto conhecimento tutorial no
46:57,whats conhecimento de planejamento já
46:59,está rodando a conta
47:01,a tendência de hoje você
47:04,e aí
47:05,e aí
47:08,bom então filha colocar aqui a sua
47:11,disposição e nos outro estamos a serviço
47:13,então o que se achar
47:18,é mas como também esquadrejamento da
47:21,coordenação temos dar um imóvel perante
47:23,partitura que a poli
47:26,e para esse tipo de
47:31,a vontade de usar inteiramente pela
47:35,coordenação de projetos casas para venda
47:44,eu estou chegando aqui tá mais
47:48,importante que eu
47:49,e aí
47:54,oi gente não mostrar pra
47:59,e aí
48:01,e aí
48:04,e fui
48:07,a economia com maturidade
48:09,e aí
48:12,e você
48:14,e aí
48:16,a marca
48:19,há três coisas que a gente vai trabalhar
48:23,primeira informação para entender o que
48:26,é a doença
48:28,a estrutura para ficar
48:31,e ouvir um dos grandes problemas
48:35,o brasil
48:37,e aí
48:38,a inalação
48:43,e não consegue atender a gente o
48:46,frigorífico presente tá havendo próprio
48:48,lugar para enterrar e strass preto no
48:51,meu diferente qualquer outra atividade
48:53,né
48:55,o sagrado o restante
48:59,se você comprar próximo
49:01,a estruturar a operação de retirada dos
49:07,a logística
49:09,oi cristina parte compra tentar melhorar
49:13,o processo por
49:14,o ar condicionado
49:17,o paciente
49:19,a melhora no resgate
49:24,a terceira coisa a gente deixa claro no
49:26,programa de saída igual a mesa de
49:30,oi como é que vai sair amanhã mas a
49:32,gente tem que ter um planejamento porque
49:33,aí a gente realmente lógica
49:36,um pouco mas a gente tá com sono
49:41,o bar
49:42,a falar com você já vai gravar
49:56,o diretor-geral da polícia rodoviária de
50:00,goiânia
50:01,o casamento do brasileiro diego ele faz
50:08,dela então ele
50:11,é mentira
50:19,a mais ali uma nota dele sair
50:29,e aí
50:37,g1
50:39,e aí
50:43,e aí
50:45,e aí
50:51,me espera
50:55,e aí
51:02,e aí
51:05,e aí
51:07,o que é
51:20,o instagram tá fazendo repouso para
51:24,poder acelerar esse processo
51:27,e aí
51:31,e a gente não tem condição de cuidar
51:38,e aí
51:41,e aí
51:43,e aí
51:48,o que é muita
51:55,e aí
52:07,e aí
52:18,o número 4 milhões de pessoas para
52:21,cobrir brasil 80
52:24,em 208 milhões de caldo não
52:29,e aí
52:31,e quando você comprou a água vir não
52:38,e aí
52:40,e aí
52:42,e aí
52:49,e aí
52:54,e aí
52:55,e aí
53:12,se sobrar roubar iniciativas é
53:15,importante você programação da casa
53:16,civil tem certeza que é uma sociedade
53:18,ajuda
53:20,a sociedade espera de nós a boa notícia
53:25,que a gente tem apresentado os
53:26,investidores estão interessados nos
53:28,programas de concessão a claro que a
53:30,gente vai precisar alguma coisa nos
53:32,projetos para desenho em função da
53:35,percepção livro de mesmo fez vai fazer
53:38,isso calibrando classe de atua
53:39,monitorando o melhor agora a pressão da
53:42,demanda né este mantemos projetos a
53:45,gente tem certeza que os processos não
53:47,sabe qual cuidado
53:51,oi tô aqui
53:54,e vai gerar um investimento
53:59,e aí já
54:01,e a gente vai precisar fazer
54:07,e aí
54:11,ah tá
54:15,e aí
54:19,e aí
54:23,oi gente já tem no final das contas a
54:27,gente fazendo as contas em dia
54:30,o que é um princípio
54:35,o saco
54:39,e aí
54:43,e aí
54:47,e aí
54:51,e a resposta
54:55,a investigar
54:59,e aí
55:01,e aí
55:03,é bom saber disso
55:07,ó tá vendo ó tá vendo privê
55:11,e aí
55:13,e aí
55:16,e aí
55:17,oi e aí para atuar nesse
55:22,e aí
55:25,e nós precisamos ser né que tivemos aí
55:29,2k
55:31,a história então
55:35,e aí
55:42,e aí
55:44,e aí
55:48,e aí
55:49,[Música]
55:51,e aí
55:54,o programa a história do mundo
56:00,o edital
56:04,e aí
56:07,a fazer todos os lados lá entende que é
56:13,claro a gente toda 25 porcento ao mês
56:17,ninguém sentindo esse governo se de novo
56:22,vamos ligar
56:23,ah sim acho que ele está com problemas
56:26,narrativo hoje não é preso
56:30,e aí
56:32,o seguinte vai guardar dinheiro para
56:36,fazer antes a vaidade para bandeirantes
56:38,acende obra vamos borrado mas arrepender
56:42,e falei olha vocês estão em casa tem 30
56:46,mil funcionários valor nossos horários
56:50,de voos eu já pensei que
56:54,tô em casa aí eu posso ter 30 mil
57:01,brasileiro mas agência já sabe quantas
57:03,pessoas a caixa está pagando hoje sete
57:06,milhões de pessoas em pontos remotos e
57:09,colocar as como o meu como falou ou eu
57:14,gosto não mostrar o luigi no criador do
57:17,meu pai foi atleta olímpico teve a
57:20,esposa ea filha de 14 anos prezão não
57:25,g1
57:26,g1
57:29,e aí
57:32,oi oi
57:38,oi oi
57:42,o campo mourão
57:51,e aí
57:55,e aí
58:01,a bola
58:04,e aí
58:08,e aí
58:13,oi bebê
58:17,e aí
58:20,os 300 e os pulceira dos 120
58:30,e não tem problema inclusive o que
58:36,acontece em sua va
58:39,e aí
58:41,e aí
58:44,e aí
58:48,se não gostar mais assim eu acho
58:56,e eu posto os momentos salgado
59:06,e eu acho que sim
59:13,e aí
59:17,ah tá quebrar já estava quebrado antes
59:25,ficar sozinho então assim claramente
59:28,intensidade tanto faz
59:31,as pessoas deixar a barata do mundo não
59:39,é a empresa que já está
59:43,eu já estou sendo processado também
59:50,ocorre
59:51,e aí
59:54,o ou seja aprender o que vai dentro e
60:05,tem gente chegando prender e só fechados
60:08,acabam falou que a gente vai fazer
60:12,fechado
60:14,e aí
60:16,na caixa com todos os brasileiros poxa a
60:21,gente está com 30 minutos eu passo
60:23,usando 45 der pessoas uma caixa que
60:26,tiveram quando a gente hoje parecendo
60:29,uma metade do sertão já estava
60:31,aposentado e outra a pessoa é foi mais
60:35,que a pessoa amada é uma pessoa que 30
60:39,mil questão de deus eu já falei pela
60:41,esposa se tiver qualquer coisa eu vou
60:43,colocar um litro de aquelas coisas que a
60:48,gente está pronto uma questão de hoje
60:57,você tivesse segunda a sábado domingo
61:02,duas horas
61:04,e aí
61:08,o presidente bolsonaro presidente
61:12,inteiro e responsável por
61:15,e aí
61:17,o que aconteceu com conheço a veneno nem
61:25,alguém quer dizer uma coisa eu não sei
61:32,se encontrar lá atrás e aí você solta
61:41,[Música]
61:43,muito importante muito obrigado e que
61:46,aconteceu já
61:50,e não é
61:55,o meu cabelo então durante no próximo
62:01,a caixa conta federal é os guardas vão
62:08,esse é o 50 agências e aí com a ajuda
62:16,e aí
62:20,o registo é foi fácil
62:33,bom obrigada obrigada tá
62:36,o internacional encontrar
62:44,é simplesmente uma adaptação nossa alma
62:52,e aí
62:53,e o desenho né
62:58,o brasil tem hoje
63:03,a combinar
63:04,e quatro cinco seis países que vão
63:08,definir a nova ordem mundial
63:10,e aí
63:15,e aí
63:17,e aí
63:19,ah e assim como o conselho segurança d
63:28,e aí
63:32,a acreditar brasil influenciar no
63:37,máscara formatar será e esse trabalho é
63:43,o seguinte é um velho revendo os grupos
63:48,ligados
63:51,o quê
63:55,e pega para o tema do valor das parcelas
63:58,a selecionar uma globalização que estava
64:02,agora criou um modelo antes do centro da
64:06,economia internacional está no país que
64:08,nada de mostrar nossas redes
64:11,eu acho que não pode ser
64:17,e aí
64:18,eu também coração
64:23,da capa
64:28,e aí
64:31,é sério para essas
64:35,a buscar cep
64:43,a máscara de verdade agora promoção uma
64:48,ligação do brasil pela vivo
64:56,e aí
64:58,de nada
65:03,eu vou voltar na história breve lembra
65:14,ah tá
65:17,e aí
65:20,e isso é uma jackson
65:26,e aí
65:31,e aí
65:36,e ele caiu
65:44,e depois curiosamente com
65:53,e aí
65:56,oi oi
66:03,bom dia
66:08,se você tá dizendo aí que vamos
66:12,transferir
66:13,a empresa
66:19,oi hoje é o lançamento
66:22,o importante é
66:30,e aí
66:33,e aí
66:34,em quase todas as semanas eu acho que em
66:37,três pontos são por
66:41,e aí
66:44,e também não vai não vai sair
66:48,em alguma
66:53,e aí
66:58,g1
67:02,e aí
67:06,se você tem
67:08,e aí
67:14,e aí
67:20,e aí
67:25,e aí
67:32,oi e aí vai vim
67:36,e aí
67:40,é uma
67:42,e aí
67:44,me leva lá
67:48,e aí
67:50,e aí
67:55,o que é análise
68:02,e aí
68:03,e aí
68:08,e aí ó
68:15,e aí
68:17,e aí
68:23,g1
68:24,e aí
68:28,e aí
68:30,g1
68:32,e aí
68:38,e aí
68:41,e aí
68:46,g1
68:48,g1
68:53,e aí
68:56,bom dia
69:00,e aí
69:05,e aí
69:07,os agentes internacionais que fazem do
69:11,e aí
69:20,ah tá mas eu preciso lembrar
69:31,nós estamos valores bonito eles correndo
69:41,tem os valores você pode construir nada
69:45,respondeu se a estrada valor nós estamos
69:49,abelhas está falando o tempo todo que
69:50,não seremos mais os mesmos pois é sangue
69:54,e aí
69:57,e aí
70:00,ah com certeza né
70:06,e aí
70:08,e aí
70:10,[Música]
70:11,e os brasil que assim
70:21,e eu acho que é talvez sim talvez não
70:25,porque tivesse publicações
70:28,e aí
70:31,e aí
70:36,e aí
70:42,e aí
70:45,e aí
70:47,a cultura totalmente a
70:52,g1
70:54,e aí
70:56,[Música]
71:00,o som
71:06,em casa
71:09,e os nossos serem
71:11,oi tudo bem
71:17,e aí
71:20,e aqui ó
71:23,um de seus valores e não tudo daqui é e
71:32,quando vamos
71:34,e eu me surpreendi com números nós temos
71:40,mil crianças em abrigos no brasil os
71:45,o tempo
71:48,a violência e
71:54,é nós
71:58,e aí o nosso novo ministro da saúde de
72:07,valores também neste momento poderia de
72:11,fabi vai apagar sábado stf para ver o
72:14,aborto de novo lá na pauta e lá tá lá
72:17,questão de
72:19,e aí
72:21,e vamos voltar
72:24,e poderão votar no brasil ou liberar
72:30,geral o seu ministério no início da flor
72:33,tá
72:34,e aí
72:36,eu quero te lembrar ministro as crianças
72:40,agora este governo não podemos alguém
72:42,morrer pela família então por favor e aí
72:45,quando a gente fala de valores bonito
72:47,quero dizer que nós estávamos indo no
72:50,caminho certo aí você tem que gastar
72:52,muita coisa não não quero
72:56,e aí
73:01,é o primeiro dia todo dia deus sabe o
73:08,que que é isso aí forma
73:11,a foto já e eu fui lá
73:17,e aí
73:21,e aí
73:25,o quê
73:32,e aí
73:34,e aí
73:35,a indústria dizimar aldeia e bolo
73:42,inteiro para colocar mas posso
73:44,presidente bolsonário eu tive que ir
73:46,para lá com presentes afundar que reúne
73:49,com centrais a região e o super
73:51,diferente da vida federal
73:53,e aí
73:55,e aí
73:59,e aí
74:01,o quê
74:07,g1
74:12,e aí
74:13,e eu quero ver
74:17,[Música]
74:20,e aí
74:22,e aí fundamentais foram mais de 5.000
74:29,registro mesmo diga
74:32,e aí
74:38,15 mil procedimentos e ações
74:42,governadores de princesa responderão
74:44,processo idosos são ser novos formatos
74:47,que jogavam fica
74:49,olá mulheres que jogadas no chão eu não
74:52,queimado ou não tem feito tá feito nada
74:55,nós estamos vendo padre sendo montados
74:58,em 90 mil reais o que estavam isso da
75:00,igreja com 2 que é a maior violação de
75:04,direitos do nordeste do brasil
75:05,[Música]
75:07,e tomando providência
75:11,e responderão processo e nós não
75:17,fingindo que ele a prisão de
75:19,governadores e vermelhos e nós estamos
75:21,subindo como que
75:23,e aí
75:25,é o quê
75:30,e eles falaram que
75:35,o som
75:37,e poderá enganar casa porque eu acho que
75:44,não que vai fazer assim ó
75:49,e as maiores
75:53,oi gente
75:57,o ministério já tomou iniciativa
76:01,e aí alguma resposta por
76:13,e aí
76:20,e aí
76:23,ah tá
76:25,ah obrigado você tem pressa bem pelo
76:30,para deslizar e isso
76:33,o brasil
76:37,e aí
76:39,e aí
76:46,é importante do projeto é obviamente
76:49,todos os ministérios públicos ministério
76:52,também já são finalizando até amanhã
76:56,esse programa de retomada
77:00,a e fazer o curso obviamente ele tem
77:04,importância muito
77:08,e mais oito por cento circul
77:13,um pouco mais se viu descendo aqui o
77:17,turismo acabou agora vocês militar mais
77:21,do que nunca jurisdição acrescente
77:24,importante pode 2019 pessoas com seis
77:28,você aplicar
77:30,em 63 por cento abaixo inteiro em que
77:36,é propriamente almeida essas panelinha
77:39,companheira ser batizado de forma brutal
77:42,e aí
77:46,eu quero aproveitar para agradecer o
77:47,palmeiras
77:49,a 200 muitas processo de curto e claro
77:53,você existe um plano de ação que viesse
77:55,evitar o desmonte
77:59,em 20 partidas
78:01,mais de 100 prazer de um dia do outro
78:05,então ações povo as pessoas contrato
78:08,trabalho deste mundo também agradeço e
78:11,com a samsung a mental setor que foi uma
78:15,medida provisória é a que contemplasse
78:18,ambas as partes tanto o consumidor
78:20,quantas empresas através de ser na cor
78:22,de impediu juntos realizações em massa
78:25,porque aquela pessoa que comprou o
78:28,ingresso jun jun show com o pacote
78:31,político ela se fosse pra cima das
78:34,empresas ainda para pedir o reembolso
78:36,delegado seria catastrófico geraria mais
78:40,emprego ido das e medida provisória
78:42,garantir outras empresas por
78:44,o filme foi comprar ver
78:48,a fazer um terceiro quanto foi a questão
78:52,dos clientes é está terminando de ser
78:54,fechado junto alberto vendo é essa e
78:57,agradeço muito aí o meu montesano a
79:00,caixa econômica também o período eles
79:02,como dessa que o entrave maior tava na
79:06,questão das garantias mas ele tá
79:08,conseguindo finalizar esse que esse
79:11,modelo de crédito para o t4 a todos os
79:15,dias do meio cômico pequeno médio ou
79:18,grande empresário no brasil no setor
79:20,público setor presente com muito feliz
79:24,em todas essas ações medidas por 4g
79:27,federal pode ser incluído no brasil
79:30,fizeram cartas com as principais
79:33,associações a gra
79:35,em relação a isso eu quero presidente
79:40,qual o assunto aqui talvez seja muito
79:42,bonito mas eu acho que é importante esse
79:45,debate nesse momento aí eu falo acabei
79:48,para mim ver se tá mas você com a falta
79:50,muito sensível também aí ela que a
79:53,questão presente é o ministério público
79:56,agora tem que ter um planejamento
79:57,apresentação
80:00,a vida ao que ajuda obviamente economia
80:04,do brasil
80:06,o momento
80:08,e aí
80:11,é sim
80:13,e não era realização de jogos e não é
80:16,penico não é café like né são victor
80:19,é uma pausa
80:24,e aí
80:25,a ser construída com as pancadas à venda
80:29,tanta evangélica contra a porta
80:31,mostrando ou desmistificando
80:35,o povo diz responder paulo guedes é
80:38,cultuado vocês a possibilidade de atrair
80:41,teoria dos 40 milhões de dólares do
80:43,brasil só de outros e os dias
80:48,o presidente é realmente desmistificar a
80:52,questão de valor
80:54,oi gente
80:56,o tráfico de drogas
81:01,é através da polícia federal e
81:05,ministério público na anvisa a receita
81:07,federal usou
81:10,é mas eu acabei de te ver com uma conta
81:12,que só levaremos para frente gente
81:14,conseguir é classificar ou nos fazemos
81:18,unidos nos fazer entender pela bancada
81:21,evangélica pela bancada católica para
81:24,que não haja uma discussão é na
81:26,comunicação de edição do projeto muito
81:29,bem feito eu acredito que pode ser
81:31,interesse processos relacionados às
81:33,vezes não possui
81:35,os grandes complexos dos quais apenas
81:38,três pulseiras são utilizados para estar
81:41,ciro outra isso não tem impacto
81:44,diretamente nenhum da família do
81:46,trabalhador sbo
81:48,e aí
81:49,a gabi é isso não vou ter começado
81:53,dedicar para dar mais
81:55,e aí
81:57,e aí
82:01,o projeto de governo o acabamento massa
82:06,abrir esse debate o plano dos idosos
82:09,integrados
82:11,o youtube nelson
82:19,g1
82:21,a lagoa
82:25,e aí
82:28,em hotéis possa fechar os profissionais
82:32,de saúde que só os seus
82:34,o policial duas vezes que eu mandei a
82:38,mensagem e não se manifestou não se
82:40,interessou as avenidas com projeto pode
82:43,sou
82:45,e aí
82:47,e aí
82:49,a saúde duas coisas eu já vou tentar que
82:55,aprender essa longe
82:56,são paulo
82:58,é só
83:00,e a preservação da família profissionais
83:04,mostrando aviamentos
83:07,e para trocar
83:11,e aí
83:13,e aí
83:17,e aí
83:27,bom obrigado
83:30,g1
83:32,e obrigado em 3 anos
83:36,o cabelo unidos mas o presente é
83:42,há 23 anos não pediram uma pública
83:47,conselho não tem tempão até minha
83:50,cadeira
83:51,a ameaça de morte a universidade e o que
83:59,me fez isso daqui momento embarcar junto
84:03,o despertar
84:07,eu não quero ser escravo no espaço
84:10,e vai acabar com essa porcaria que é
84:13,brasil já estão cantando
84:15,a corrupção privilégio identificados
84:20,muito branco
84:22,é muito pior mesmo é
84:26,e aí empatia abre o assunto um pouco que
84:33,sempre respondendo a
84:37,é mais uma vitória preciso chegar
84:44,o secretário executivo luiz domingos
84:48,e eu acho que a gente tá perdendo o
84:50,ponto de suspiro
84:52,e aí está fedendo a luta é isso portanto
84:56,não tá dando para ter mais estado para
85:01,ter mais projetos para ter mais o povo
85:04,tá pintando liberdade e
85:08,um gostei isso a gente nizo
85:13,a polpa querendo ver quem trouxe até
85:17,aqui eu pude vagabundo na cadeia
85:22,começando mais crédito
85:26,a foto
85:32,a fazer eu eu vi george que toda essa
85:37,discussão vamos fazer isso vou fazer
85:40,aquilo e músculos que chegaram for
85:42,embora eu percebo que muita gente página
85:45,própria eu percebo tenho assim tem usou
85:50,para jogar o que mas eu não vi perigoso
85:52,eu devo voltar eu vou para o inferno eu
85:56,tô com um monte de processo aqui o
85:58,comitê de ética da
86:00,g1
86:06,ah tá com certeza a gente está
86:09,conversando por que a gente tenta
86:12,eu não consigo mostrar de quantos filhos
86:16,o pão usado
86:18,a e é o realmente você sabe disso
86:24,eu odeio odeio parte 1
86:31,e não é contigo pelo porte juninho
86:35,roteiros ok posso ver isso quer que essa
86:41,quiser é pouco brasileiro só tem um
86:43,pouco pode ser que pode ser pode ser mas
86:48,tem que ser só pode ter um povo não pode
86:54,que acha que é melhor do que só que
86:59,chegou a parte 1
87:02,e aí
87:11,g1
87:13,e é isso negócio empréstimos
87:18,e isso
87:23,um sentimento extremamente chateado que
87:27,eu tô vendo essa oportunidade
87:30,olá eu sou evidentemente eu tô no grupo
87:35,dos ministros que tá mais grave acidente
87:38,que tirou a vida eu tava me irritando
87:40,tem problema continua aumentando do
87:44,ponto de vista de carreira eu poderia
87:46,ter tentado da vida não foi isso
87:50,e não foi isso
87:54,o chefe para ter um palácio existem 30
87:57,segundos pronto
87:59,não podes perder a libertadores país
88:03,ninguém vai saber se tem mais próximo
88:08,poucos pontos nas formas pouquíssimas
88:12,formas não se mudam não sumido
88:17,e aí
88:19,oi gente vai
88:27,o policial tocante a ideia é
88:35,é um
88:38,e é
88:42,g1
88:43,o almoço
88:47,quem não sabe que é o feijão com arroz
88:49,não sabe que eu sou o pecado esqueceu a
88:53,cirilo carrossel
88:54,eu não sei nem realmente é
89:02,eu acho que a liberdade parece né
89:09,e aí
89:11,e a cambada que tua chegada por dentro
89:21,da quadra se tiver chegada da fugida
89:24,todo mundo tá feliz
89:29,em cima domingo e passar a perna para
89:45,falar ele é
89:54,g1
89:56,a todos ou a gente tem que dar como se
90:03,possível um general lá na retaguarda e
90:07,deixar para fazer água fresca filha dela
90:09,tá lá na frente olhada na frente do
90:11,cartão tapete nós vai sim
90:16,o seu papel mas nós temos exemplos
90:24,olá eu sou mais educado que já torna o
90:30,negócio aqui então é isso
90:32,em cima de informações do meu funciona
90:40,e aí
90:43,o google que oficialmente pensa em forma
90:47,e voltando ao tema prefiro não tem
90:50,informação que certeza informado por
90:53,exemplo de informações do tempo
90:55,o brasil olha que ela sair ver a minha
91:02,irmã deu adoradora de cajatí o coitado
91:05,da minha vó capitão do exército de
91:06,brasileiro acabou cinco mesmo mano
91:09,a aposta na posição paulo diz que meu
91:14,irmão foi expulso no açougue regiza
91:16,então comprando o cara serem guarda
91:19,comprovando o cabelo vamos ao todo esse
91:21,dia o dono do restaurante do posto aqui
91:25,não tá falando que fica apareceram você
91:27,que é problema dele mas da puta eu tempo
91:29,todo a minha atingir que mexendo
91:33,a segurança nós entendeu porque não pode
91:39,e acabou
91:41,a família toda de sacanagem o amigo meu
91:47,porque eu não posso trocar alguém tá
91:49,segurando pela portaria que pertenceu
91:51,vai tocar não trocar troco já que eu só
91:56,comprimento
91:58,bom dia
92:03,o que é
92:08,e aí já tá fazendo errado
92:15,a todos nós eu ficar sabendo de nada
92:34,é por isso que eu quero que o povo viado
92:46,e bora audi
92:57,ir para rua
93:01,e se eu fosse tá doida se eu quiser
93:05,algumas como todos fizeram passado
93:08,pouquinho antes mas
93:10,o fernando eu vou por favor assim tá
93:15,pronta eu escuto é que faz bosta porque
93:19,eu tô arrumando bobo porque eu não quero
93:21,mais ficar dura e não dá para segurar
93:23,mais ela não vai fazer com a voz é que
93:27,ele não aceita a minha as minhas
93:30,madeiras a mais família de
93:34,e o
93:36,o armamento expressão livre mercado
93:42,financeiro está concorrendo errado
93:45,espere para 22 né o seu avô dias espero
93:50,love espero lá na rádio ou talvez o lula
93:54,né que vai ser feliz correndo não tem
93:56,namorado é que isso é um caraca
93:59,salvamento aqui eu quero todo mundo nada
94:02,que o povo avó jamais será escravizado e
94:06,carol passa a certeza de um papel se
94:09,exponha a
94:22,e o governo tá tudo bem me sentindo bem
94:28,apesar do presente da puta que o pariu
94:30,vó
94:32,e aí
94:34,me espera na linha do tempo casa
94:41,correndo e
94:44,e aí
94:46,essa é a nossa liberdade
94:50,é isso o que esses cara fizeram com esse
94:55,próprio governador de são paulo as
94:57,histórias
94:58,é aproveitar ouvir é oposta do prefeito
95:03,lá de lavar os agora tá tudo cobras
95:05,coletiva porta que tem algo essa
95:08,história mesmo procurando assim que eu
95:10,fui citando a cama controlado
95:12,e aí meu cabelo e o que tu pega e que
95:18,sempre foi aproveitando a logo clica
95:22,nesse caso qualquer viu então pessoal
95:27,por favor se preocupe quais esposa mais
95:31,impotência gravando vocês que a sua vida
95:33,só quebrando não vale porra
95:36,e esses valores do alerta de entrada vai
95:44,também controle provocação ao são todos
95:51,nós podemos esquecer disso não podemos
95:54,conversar todo mundo aqui ó
96:09,e quando eu chegar em casa eu acho que
96:27,eu perdi elabora conversa mais tá
96:33,e aí
96:36,o meu irmão os brics ea mensagem que eu
96:44,era sempre branco brasil faz desculpa eu
96:48,duvidava da espera e vai fazer já provou
97:07,que
97:09,e eu conheço todas as histórias estão
97:13,por quê
97:20,e aí
97:24,e ai mostrou ajudar a buscar por causa
97:31,da sua visão recusa a ouvir falar sobre
97:38,cada um
97:39,eu liguei três vezes alcance
97:45,g1
97:47,e aí
97:49,o filme e mostra quando nós estamos numa
97:57,direção forte quase igual estruturantes
98:01,e de repente três semanas e de consumo
98:04,e lá fora
98:08,oi oi
98:10,e a frente
98:13,a 40 sua ele só tá atrás dos estados
98:19,e aí
98:21,e aí
98:24,e antes que os alemães vai antes de todo
98:31,dia então o segundo existirá uma que
98:34,dobra esse jeito a capacidade de
98:38,trabalho em grupo extraordinária teto
98:41,atacam de todas as direções primeira
98:48,coisa aqui
98:52,a resposta logo depois tivemos a passo
98:58,aprender e pelo
99:00,e já são 300 e poucos milhões que não é
99:06,muito último
99:12,a atingir 50 milhões de brasileiros
99:17,competindo o aumento nessa época dos
99:20,grandes brasileiros na estrada
99:25,a voz presentes as empresas microcrédito
99:29,depois de 0 a 10
99:33,e aí
99:35,a tabuada apesar da duração não vai ter
99:41,molezinha a empresa aérea
99:44,a melhor tecnologia
99:48,o robô caseiro vai dar certo mas o
99:52,brasil vamos ganhar dinheiro usando a
99:56,salada de salmão
100:02,e aí
100:06,e eu
100:09,e aí
100:13,o que é
100:16,é só que não sai do chão com uma
100:19,confusão tinha pulado goma para o
100:21,pernambuco dá pra você aqui mas não vou
100:26,tentar passar os valores a liberdade
100:33,política
100:35,no entanto agora toda essa confusão que
100:41,eu vou na última o fator pó
100:48,[Música]
100:51,g1
100:53,a segunda é junto acontecendo vou descer
100:57,mais aqui
101:02,a mulher do ano passado três anos 120 de
101:06,mandamentos
101:08,o macho posando em baixo sem saber então
101:15,nossa nessa confusão toda abraçada a
101:19,gente enrolar nem pausar botar
101:22,ah pois vamos almoçar lá para terceiro
101:26,e agora isso vai usar tranquilidade não
101:32,tem jeito fazer a gente tiver lá
101:37,e aí
101:38,e não apresenta com seguro o presente
101:42,falou assim que vai ter a primeira onda
101:44,casa
101:45,que marca e o homem sai na primeira eu
101:54,ainda
101:58,e aí
102:01,e aí
102:06,e quando o poder da graça
102:14,e a logística vão botar a comida tá
102:18,chegando as plantas
102:25,há 3 horas
102:30,e aí
102:36,e você sabe disso não é
102:43,e aí
102:49,é a gente também vai ficar com ele vai
102:54,ser da água da
102:59,e aí
103:01,e aí
103:07,e aí
103:13,e aí
103:19,e aí
103:20,não podemos perder o nome
103:26,e aí
103:29,é burra
103:34,e faz a opção de coisa que foi
103:38,é nós
103:41,e aí
103:44,oi oi
103:45,de nada
103:47,[Música]
103:49,o produto em três semanas bem
103:56,eu só falo uma pergunta
103:59,e aí
104:02,é pois é pois é
104:07,bom dia
104:09,e quanto
104:13,g1
104:14,oi jovens aprendizes com uma colher nós
104:17,podemos com a pele brasileiro 1 milhão
104:23,de manhã e
104:32,e social e política das paginas da
104:36,cantoria de basta digitar as aprende a
104:40,presença do cidadão padrão disciplina
104:43,vamos ao usar o tempo construtivamente
104:46,voluntária tá fazer extrato para fazer
104:49,isso aqui sabe quanto custa responder
104:53,buscar
104:54,e aí
105:00,bom então
105:01,o contato trilhão de jorge aí você
105:08,também quer fazer estrada de 34 milhões
105:11,a resposta de hoje aconteceu um fato de
105:13,que não só as rodas por favor vai do
105:19,nosso problema dos outros lá
105:22,a fase corresponde para
105:34,e aí
105:37,a pequena cidade recebe o
105:47,e aí
105:49,e aí
105:53,e aí
105:57,[Música]
105:59,e aí
106:06,e aí
106:07,e aí
106:10,e aí
106:12,e aí
106:19,e aí
106:20,e aí
106:26,e aí
106:32,o som
106:43,oi oi
106:45,as duas coisas também interessante não é
107:06,nós queremos um rei
107:09,um bom negócio de ficar sozinho posso
107:18,sorrir
107:20,bom então seca
107:24,o que fazer para você vamos aderir ao
107:32,gente não pode haver nenhuma compra
107:44,governamental só
108:02,e vai passar falando que nós se fala já
108:06,estão se ver
108:08,é sério pô
108:13,e foi assim que você der saudável e
108:26,rápida da rua embaixador do presidente
108:33,tá tão próximo aqui ó que é
108:43,e agora já está
108:47,e isso é só usar a 90 porcento dos
108:52,países que hoje ele quer não se der já
108:56,o processo já somos
108:59,e aí
109:02,e aí
109:12,e aí
109:14,e aí
109:24,e aí
109:26,e aí
109:32,e aí
109:38,ah tá
109:50,e aí
109:53,e aí
109:59,e aí
110:02,e aí
110:07,e aí
110:08,oi oi
110:12,e aí
110:13,g1
110:15,e aí
110:17,oi tá tudo vocês vão empregado em tudo
110:21,então se for apertar algum secretário
110:23,ele é super em geral mas se apertar ele
110:26,falou aqui embaixo não posso senão a
110:29,todos os primatas as novidades na terra
110:32,igual eu não posso a questão morrer na
110:35,terra brasil caso pronto pronto vamos lá
110:42,um lugar caixa vó a gente faz o que a
110:49,gente perto da gente consegue fazer nada
110:51,tenho que esperar lá essa pessoa logo
110:56,o produto
110:59,e aí
111:02,a bandinha
111:08,é muito grande e que é
111:25,e aí
111:31,e aí
111:38,e aí
111:41,e aí
111:50,e aí
111:57,g1
112:00,g1
112:02,e aí
112:06,o telefone né
112:11,e aí
112:22,[Música]
112:26,e tchau
112:33,a parede 21
112:38,e aí
112:50,e aí
112:53,e aí
112:56,e aí
113:02,e hoje é
113:06,e aí
113:10,e aí
113:11,e aí
113:14,e aí
113:30,g1
113:37,e aí
113:42,e aí
113:48,e aí
113:50,e aí
113:54,e aí
113:56,e aí
113:57,e aí
114:02,e aí
114:06,e aí
114:13,e aí
114:14,e aí
114:23,e aí
114:26,e aí
114:30,e aí
114:36,e aí
114:38,e aí
114:46,a promoção
114:50,e sem querer cortar muito obrigado a
114:53,todos que estão protegidos
114:56,e aí
114:57,e aí
